<?xml version="1.0" encoding="UTF-8"?>
<beans xmlns="http://www.springframework.org/schema/beans"
    xmlns:ctx="http://www.springframework.org/schema/context"
    xmlns:xsi="http://www.w3.org/2001/XMLSchema-instance"
    xsi:schemaLocation="
        http://www.springframework.org/schema/beans 
        	http://www.springframework.org/schema/beans/spring-beans.xsd
        	
        http://www.springframework.org/schema/context
        	http://www.springframework.org/schema/context/spring-context.xsd
        ">

    <!-- bean definitions here -->
    <!-- <bean id="services" class="com.cg.java.services.EmpServices" scope="prototype">
    </bean> -->
    <!-- <bean id="empServices" class="com.cg.java.services.EmpServices" scope="singleton" lazy-init="true">
    	<property name="companyName" value="Capgemini Pune"></property>
    	<property name="address" value="Talawade"></property>
    	<property name="services" ref="salaryServices"></property>Here spring automatically creates a references to the salaryservice object so no need of initialization again in the empservices class.
    </bean> -->
    
    <bean id="empServices" class="com.cg.java.services.EmpServices" scope="singleton" lazy-init="true">
    	<constructor-arg value="Capgemini, Pune"></constructor-arg>
    	<constructor-arg value="Talawade"></constructor-arg>
    	<constructor-arg value="680000"></constructor-arg>
    	<property name="services" ref="salaryServices"></property>
    </bean>
    <bean id="salaryServices" class="com.cg.java.services.SalaryServices" scope="singleton" lazy-init="true">
    	
    </bean>

</beans>